{"cameraMode":{"drawMode":0,"name":"Shaded","section":"Shading Mode"},"sceneLighting":false,"audioPlay":false,"sceneViewState":{"showFog":true,"showMaterialUpdate":false,"showSkybox":false,"showFlares":true,"showImageEffects":true,"showParticleSystems":true},"in2DMode":false,"pivot":{"x":-0.27497434616088869,"y":0.03833199664950371,"z":0.6048539876937866},"rotation":{"x":-0.48714479804039,"y":0.0005197067512199283,"z":-0.0002951016358565539,"w":-0.8733349442481995},"size":0.3118349313735962,"orthographic":false}