{"cameraMode":{"drawMode":0,"name":"Shaded","section":"Shading Mode"},"sceneLighting":false,"audioPlay":false,"sceneViewState":{"showFog":true,"showMaterialUpdate":false,"showSkybox":false,"showFlares":true,"showImageEffects":true,"showParticleSystems":true},"in2DMode":false,"pivot":{"x":-1.029579520225525,"y":2.161569833755493,"z":-30.399999618530275},"rotation":{"x":-0.3258008360862732,"y":-0.008131609298288823,"z":0.0023306591901928188,"w":-0.9455770254135132},"size":1.5477946996688843,"orthographic":false}